City_ID,City,Cloudiness,Country,Date,Humidity,Lat,Max Temp,Wind Speed,lng
0,okhotsk,88,RU,1554508184,77,59.36,36.3,6.62,143.24
1,busselton,0,AU,1554507909,56,-33.64,48.99,6.62,115.35
2,alofi,48,NU,1554505200,88,-19.06,80.6,9.17,-169.92
3,borogontsy,0,RU,1554508187,61,62.67,29.28,3.71,131.17
4,severomuysk,80,RU,1554508187,83,56.17,12.18,2.48,113.57
5,bubaque,8,GW,1554508191,83,11.28,83.64,13.22,-15.83
6,kahului,40,US,1554507571,48,20.89,86.0,6.93,-156.47
7,grand gaube,40,MU,1554508142,83,-20.01,78.8,13.87,57.66
8,bethel,1,US,1554504960,51,60.79,37.4,14.99,-161.76
9,bluff,0,AU,1554507482,48,-23.58,79.05,11.1,149.07
10,sao gabriel da cachoeira,44,BR,1554507904,82,-0.13,79.5,2.59,-67.09
11,dikson,76,RU,1554507801,92,73.51,18.57,12.88,80.55
12,toamasina,20,MG,1554505200,94,-18.17,75.2,2.26,49.38
13,kaitangata,0,NZ,1554508158,51,-46.28,57.99,1.99,169.85
14,ushuaia,75,AR,1554505200,93,-54.81,44.6,41.38,-68.31
15,saldanha,92,PT,1554508205,96,41.42,39.72,9.75,-6.55
16,cape town,0,ZA,1554507729,72,-33.93,60.01,5.82,18.42
17,atuona,24,PF,1554507829,100,-9.8,82.83,13.22,-139.03
18,mar del plata,12,AR,1554507700,44,-46.43,65.73,31.34,-67.52
19,shubarshi,68,KZ,1554508225,78,48.59,34.59,2.93,57.19
20,qaanaaq,0,GL,1554507781,77,77.48,-0.97,7.63,-69.36
21,saskylakh,8,RU,1554507939,73,71.97,8.13,9.98,114.09
22,hobart,40,AU,1554508035,48,-42.88,64.0,14.99,147.33
23,albany,90,US,1554507497,80,42.65,34.0,12.75,-73.75
24,yellowknife,20,CA,1554507727,48,62.45,21.2,8.05,-114.38
25,souillac,0,FR,1554507967,76,45.6,51.01,2.24,-0.6
26,dryden,90,CA,1554505200,86,49.79,37.4,5.82,-92.84
27,montanha,0,BR,1554508236,65,-18.13,80.13,12.21,-40.37
28,kiruna,0,SE,1554504600,78,67.86,14.0,2.24,20.23
29,markivka,20,UA,1554508240,85,49.52,30.9,2.82,39.57
30,hilo,40,US,1554507860,61,19.71,80.6,13.87,-155.08
31,sivaki,76,RU,1554508240,53,52.63,35.58,3.71,126.75
32,bulawayo,92,ZW,1554508240,33,-20.16,72.84,5.17,28.59
33,guerrero negro,0,MX,1554508242,72,27.97,66.27,11.43,-114.04
34,cherskiy,12,RU,1554507996,75,68.75,15.33,2.37,161.3
35,banamba,0,ML,1554508245,39,13.55,81.03,7.96,-7.45
36,cap malheureux,40,MU,1554508142,83,-19.98,78.8,13.87,57.61
37,shimoda,0,JP,1554508211,55,34.7,69.01,5.82,138.93
38,penzance,92,GB,1554508202,93,50.12,52.0,8.05,-5.53
39,iqaluit,90,CA,1554507724,85,63.75,23.0,3.36,-68.52
40,port elizabeth,90,US,1554507764,93,39.31,50.0,11.41,-74.98
41,hasaki,0,JP,1554507461,41,35.73,61.0,5.82,140.83
42,faya,0,SA,1554505200,88,18.39,62.6,11.41,42.45
43,barrow,0,AR,1554507846,62,-38.31,57.9,9.08,-60.23
44,mount gambier,88,AU,1554507641,73,-37.83,60.78,5.17,140.78
45,victoria,75,BN,1554507000,94,5.28,82.4,2.37,115.24
46,fort nelson,90,CA,1554505200,73,58.81,24.8,2.24,-122.69
47,tuatapere,0,NZ,1554508207,60,-46.13,52.0,5.99,167.69
48,guiratinga,68,BR,1554508166,88,-16.35,75.63,3.71,-53.76
49,chokurdakh,24,RU,1554507888,100,70.62,13.08,4.72,147.9
50,muisne,75,EC,1554505200,78,0.61,80.6,9.17,-80.02
51,thompson,40,CA,1554505200,32,55.74,24.8,6.93,-97.86
52,micheweni,64,TZ,1554507962,100,-4.97,82.38,4.61,39.83
53,saint-sauveur-des-monts,90,CA,1554508110,48,45.9,39.2,12.75,-74.17
54,namibe,0,AO,1554507844,100,-15.19,77.7,4.72,12.15
55,zhuhai,0,CN,1554505200,32,40.71,41.0,6.71,112.04
56,kapaa,40,US,1554507493,57,22.08,80.6,9.17,-159.32
57,dwarka,20,IN,1554507000,44,28.58,78.8,3.36,77.04
58,chuy,8,UY,1554507884,82,-33.69,66.0,17.25,-53.46
59,butaritari,88,KI,1554507778,100,3.07,80.94,14.23,172.79
60,faanui,68,PF,1554507802,100,-16.48,84.54,14.67,-151.75
61,lae,40,PG,1554505200,78,-6.72,80.6,5.82,146.98
62,camacha,40,PT,1554507000,71,33.08,59.0,12.75,-16.33
63,ormara,12,PK,1554508275,73,25.21,78.42,11.65,64.64
64,kavieng,56,PG,1554508276,100,-2.57,83.55,4.94,150.8
65,tiksi,68,RU,1554507796,84,71.64,18.21,3.71,128.87
66,punta arenas,90,CL,1554507749,75,-53.16,44.6,29.97,-70.91
67,buraydah,40,SA,1554505200,40,26.33,71.6,4.7,43.97
68,redcliffe,48,GB,1554508264,70,51.45,46.99,11.41,-2.59
69,pisco,0,PE,1554505200,30,-13.71,71.6,13.87,-76.2
70,vao,8,EE,1554508286,77,59.1,30.45,4.27,26.19
71,tuktoyaktuk,5,CA,1554505200,84,69.44,3.2,9.17,-133.03
72,kodiak,1,US,1554507730,34,39.95,66.99,12.75,-94.76
73,longyearbyen,90,NO,1554504600,62,78.22,19.4,2.59,15.63
74,east london,92,ZA,1554507776,100,-33.02,64.56,6.96,27.91
75,nikolskoye,0,RU,1554507636,77,59.7,37.99,4.47,30.79
76,hermanus,0,ZA,1554507123,87,-34.42,57.99,5.84,19.24
77,upernavik,20,GL,1554507776,100,72.79,15.96,13.56,-56.15
78,touros,64,BR,1554508300,96,-5.2,78.51,4.38,-35.46
79,mataura,0,NZ,1554507606,62,-46.19,53.01,5.99,168.86
80,castro,90,CL,1554505200,81,-42.48,51.8,3.36,-73.76
81,araouane,0,ML,1554508302,26,18.9,75.27,9.64,-3.53
82,kindersley,75,CA,1554507740,39,51.47,50.0,13.87,-109.16
83,bredasdorp,0,ZA,1554507123,81,-34.53,55.99,4.7,20.04
84,ponta do sol,68,BR,1554508031,96,-20.63,70.68,2.48,-46.0
85,vestmannaeyjar,0,IS,1554508303,95,63.44,37.2,11.65,-20.27
86,voi,76,KE,1554508303,95,-3.4,68.97,3.04,38.57
87,saint-philippe,90,CA,1554507918,59,45.36,39.2,17.22,-73.48
88,jamestown,0,AU,1554507772,71,-33.21,60.51,6.17,138.6
89,srednekolymsk,0,RU,1554508305,73,67.46,17.4,3.38,153.71
90,padang,56,ID,1554507818,100,-0.92,81.39,3.71,100.36
91,port hardy,90,CA,1554505200,81,50.7,48.2,13.87,-127.42
92,mahebourg,40,MU,1554507541,83,-20.41,78.8,13.87,57.7
93,lebu,75,ET,1554505200,67,8.96,60.8,6.93,38.73
94,kiama,75,AU,1554508030,64,-34.67,73.99,6.93,150.86
95,cidreira,92,BR,1554508312,94,-30.17,68.25,9.19,-50.22
96,new norfolk,40,AU,1554507815,48,-42.78,64.0,14.99,147.06
97,ancud,90,CL,1554505200,81,-41.87,51.8,3.36,-73.83
98,komsomolskiy,80,RU,1554507913,90,67.55,22.35,16.24,63.78
99,vaini,80,IN,1554507757,95,15.34,69.87,1.59,74.49
100,port alfred,92,ZA,1554507738,93,-33.59,60.01,1.99,26.89
101,saint-vallier,0,FR,1554508067,75,46.64,44.6,6.93,4.37
102,avera,1,US,1554508206,64,33.19,73.4,3.36,-82.53
103,pevek,24,RU,1554508323,95,69.7,6.6,8.63,170.27
104,aljezur,88,PT,1554508050,90,37.31,51.01,17.02,-8.8
105,saint-pierre,24,FR,1554508325,80,48.95,41.0,11.41,4.24
106,hofn,32,IS,1554507808,100,64.25,36.21,14.79,-15.21
107,lagoa,40,PT,1554507748,81,37.14,51.8,9.17,-8.45
108,energetik,88,RU,1554508331,86,51.74,35.67,2.93,58.8
109,key largo,1,US,1554508254,74,25.09,78.8,6.93,-80.45
110,torbay,75,CA,1554507626,63,47.66,30.0,28.86,-52.73
111,richards bay,92,ZA,1554508334,100,-28.77,66.36,15.12,32.06
112,xuanhua,48,CN,1554508344,52,40.61,42.24,2.93,115.04
113,mamlyutka,0,KZ,1554508345,72,54.94,22.08,2.93,68.54
114,steamboat springs,40,US,1554507931,32,40.48,60.8,4.7,-106.83
115,saint george,90,GR,1554504600,81,39.45,53.6,6.93,22.34
116,quatre cocos,40,MU,1554508142,83,-20.21,78.8,13.87,57.76
117,khvoynaya,0,RU,1554508349,69,58.9,23.16,4.61,34.53
118,constitucion,90,MX,1554508215,12,23.99,75.2,16.11,-104.67
119,pahrump,1,US,1554508052,29,36.21,75.99,19.46,-115.98
120,arraial do cabo,20,BR,1554505200,88,-22.97,80.6,12.75,-42.02
121,lardos,20,GR,1554508263,77,36.09,62.01,16.02,28.02
122,deputatskiy,76,RU,1554508355,86,69.3,15.15,3.94,139.9
123,hammerfest,0,NO,1554506400,58,70.66,24.8,11.41,23.68
124,mayo,20,CA,1554505200,43,63.59,32.0,11.41,-135.9
125,leningradskiy,32,RU,1554507862,89,69.38,7.95,27.54,178.42
126,hami,0,CN,1554507786,59,42.84,42.96,5.39,93.51
127,broken hill,0,AU,1554505200,63,-31.97,66.2,18.34,141.45
128,karasjok,0,NO,1554506400,79,69.47,32.0,35.57,25.52
129,talnakh,88,RU,1554508360,92,69.49,24.96,16.8,88.39
130,lompoc,40,US,1554508106,63,34.64,64.99,10.29,-120.46
131,lasa,0,CY,1554507921,87,34.92,57.2,6.93,32.53
132,provideniya,0,RU,1554508366,100,64.42,25.68,2.15,-173.23
133,islamkot,0,PK,1554508368,73,24.7,74.01,8.08,70.18
134,labuhan,12,ID,1554508369,86,-2.54,77.61,2.71,115.51
135,severo-kurilsk,88,RU,1554507876,97,50.68,33.33,9.19,156.12
136,codrington,40,AU,1554508251,78,-28.95,75.0,5.82,153.24
137,pacific grove,20,US,1554507719,72,36.62,64.99,4.7,-121.92
138,papara,0,BR,1554507491,83,-3.98,80.6,3.36,-38.73
139,lieksa,0,FI,1554508377,93,63.32,27.12,2.93,30.02
140,rikitea,24,PF,1554508379,100,-23.12,77.43,14.67,-134.97
141,taywarah,0,AF,1554508380,81,33.35,31.53,4.61,64.42
142,sitarganj,44,IN,1554508382,75,28.92,67.71,3.83,79.7
143,hithadhoo,0,MV,1554507786,100,-0.6,83.73,6.17,73.08
144,menongue,64,AO,1554508386,60,-14.66,72.3,2.82,17.68
145,edenderry,75,IE,1554508162,87,53.34,44.6,10.29,-7.05
146,vung tau,0,VN,1554508388,97,10.35,82.29,13.11,107.08
147,port lincoln,0,AU,1554508016,89,-34.72,64.11,6.62,135.86
148,gunjur,0,GM,1554505200,64,13.18,73.4,11.41,-16.76
149,udachnyy,88,RU,1554507825,79,66.42,22.53,3.38,112.4
150,vatne,12,NO,1554508060,100,62.56,39.2,5.82,6.61
151,clyde river,75,CA,1554505200,84,70.47,-2.21,16.11,-68.59
152,zyryanskoye,0,RU,1554508393,71,56.83,16.59,3.27,86.62
153,koslan,0,RU,1554508393,83,63.46,20.01,2.37,48.9
154,tshikapa,0,CD,1554508394,94,-6.42,75.18,2.15,20.79
155,axim,0,GH,1554508394,97,4.87,84.0,13.44,-2.24
156,aklavik,5,CA,1554505200,52,68.22,19.4,11.41,-135.01
157,tual,56,ID,1554508402,100,-5.67,83.28,2.93,132.75
158,sabha,92,LY,1554508312,84,27.03,65.82,11.99,14.43
159,calama,0,CL,1554507903,38,-22.46,60.8,21.92,-68.93
160,coahuayana,0,MX,1554508021,26,18.62,85.35,3.15,-100.35
161,saint-augustin,92,FR,1554508285,93,44.83,51.01,8.05,-0.61
162,puerto ayora,40,EC,1554507034,74,-0.74,82.4,4.7,-90.35
163,port blair,0,IN,1554508419,100,11.67,83.28,4.72,92.75
164,nouadhibou,8,MR,1554505200,77,20.93,64.4,17.22,-17.03
165,norman wells,5,CA,1554505200,41,65.28,24.8,18.34,-126.83
166,hereford,36,GB,1554508392,77,52.06,48.0,1.99,-2.72
167,rodez,90,FR,1554508001,76,44.35,48.99,18.34,2.57
168,zdvinsk,80,RU,1554508428,87,54.7,29.73,9.42,78.67
169,pingliang,20,CN,1554508429,56,35.54,46.38,3.38,106.68
170,ambanja,12,MG,1554508431,92,-13.68,69.15,3.38,48.45
171,vardo,90,US,1554508418,81,39.62,45.0,6.93,-77.74
172,seoul,1,KR,1554506400,48,37.57,46.4,3.6,126.98
173,kruisfontein,0,ZA,1554508435,87,-34.0,58.8,8.63,24.73
174,forbes,20,AU,1554508112,48,-33.38,77.0,3.0,148.01
175,carnarvon,0,ZA,1554507957,78,-30.97,49.17,10.54,22.13
176,cobija,20,BR,1554505200,79,-11.02,84.2,3.36,-68.77
177,airai,100,TL,1554507944,88,-8.93,72.21,2.37,125.41
178,port macquarie,32,AU,1554508205,88,-31.43,77.0,5.82,152.91
179,olga,90,US,1554508435,55,34.11,66.99,11.41,-118.17
180,bathsheba,75,BB,1554505200,78,13.22,78.8,19.46,-59.52
181,huarmey,8,PE,1554508440,80,-10.07,67.98,2.93,-78.15
182,palu,32,ID,1554508442,81,-0.9,71.04,2.04,119.87
183,dingle,44,PH,1554508346,78,11.0,80.31,7.4,122.67
184,sur,76,OM,1554508178,76,22.57,82.11,5.39,59.53
185,koson,0,UZ,1554505200,87,39.04,57.2,4.7,65.59
186,dengzhou,0,CN,1554508444,90,32.69,59.34,7.29,112.08
187,xam nua,88,LA,1554508444,97,20.42,60.69,2.37,104.04
188,creemore,90,CA,1554508264,95,44.33,37.0,8.05,-80.11
189,grindavik,0,IS,1554507418,100,63.84,35.6,6.93,-22.43
190,yulara,0,AU,1554505200,27,-25.24,77.0,12.75,130.99
191,fare,92,PF,1554508448,99,-16.7,84.45,15.35,-151.02
192,lorengau,8,PG,1554508449,98,-2.02,83.28,1.7,147.27
193,coolum beach,80,AU,1554508387,86,-26.53,73.99,1.99,153.09
194,georgetown,20,GY,1554505200,78,6.8,80.6,9.17,-58.16
195,emba,0,CY,1554507033,87,34.81,57.2,6.93,32.42
196,mandalgovi,64,MN,1554508452,70,45.76,24.69,9.19,106.27
197,geraldton,90,CA,1554505200,74,49.72,35.6,5.82,-86.95
198,la ronge,40,CA,1554505200,58,55.1,32.0,4.7,-105.3
199,siguatepeque,40,HN,1554505080,27,14.6,89.6,9.17,-87.84
200,providencia,75,CO,1554505200,93,1.24,64.4,3.36,-77.6
201,zyryanka,36,RU,1554508456,81,65.73,19.38,3.04,150.89
202,caravelas,0,BR,1554508456,97,-17.73,82.65,15.46,-39.27
203,sfantu gheorghe,90,RO,1554508278,75,44.65,46.99,17.22,26.83
204,pushchino,75,RU,1554505200,80,54.83,35.6,4.47,37.61
205,yarmouth,0,GB,1554508458,66,50.71,50.0,6.93,-1.5
206,brooks,76,CA,1554507913,51,50.57,52.0,7.0,-111.89
207,mount isa,8,AU,1554507000,54,-20.73,80.6,12.75,139.49
208,san patricio,92,PY,1554508311,83,-26.98,64.83,6.4,-56.83
209,mlonggo,20,ID,1554505200,88,-6.53,77.0,2.24,110.7
210,ulaangom,12,MN,1554508464,72,49.98,31.08,6.51,92.07
211,pangai,20,TO,1554505200,74,-19.8,84.2,5.82,-174.35
212,viedma,0,AR,1554508471,31,-40.81,66.81,15.79,-62.99
213,bandarbeyla,0,SO,1554508474,100,9.49,78.96,2.59,50.81
214,sola,0,FI,1554508326,92,62.78,33.01,3.36,29.36
215,gazanjyk,0,TM,1554507914,90,39.24,55.92,8.63,55.52
216,mizque,92,BO,1554508481,92,-17.94,48.45,2.93,-65.34
217,kenai,40,US,1554508325,44,60.55,44.01,18.34,-151.26
218,imbituba,75,BR,1554505200,83,-28.24,73.4,9.17,-48.67
219,bonavista,68,CA,1554507976,64,48.65,28.99,25.99,-53.11
220,asyut,0,EG,1554505200,58,27.18,57.2,14.99,31.19
221,khani,0,GE,1554507000,100,41.96,42.8,1.12,42.96
222,sao filipe,0,CV,1554508325,97,14.9,70.5,18.37,-24.5
223,tonota,48,BW,1554508488,42,-21.44,75.81,9.19,27.46
224,khatanga,0,RU,1554508364,76,71.98,13.17,17.69,102.47
225,makakilo city,1,US,1554508206,45,21.35,84.2,14.99,-158.09
226,dali,48,CN,1554508493,100,25.6,44.04,1.81,100.24
227,shirokiy,24,RU,1554508089,96,53.87,35.01,3.49,39.17
228,rio grande,76,BR,1554508498,92,-32.03,69.15,18.48,-52.1
229,klaksvik,32,FO,1554506400,86,62.23,41.0,5.82,-6.59
230,bridlington,48,GB,1554508442,93,54.08,44.01,5.82,-0.19
231,taoudenni,0,ML,1554508298,34,22.68,61.5,8.41,-3.98
232,tiassale,64,CI,1554508502,77,5.9,81.48,8.3,-4.83
233,payo,20,ID,1554508502,92,-3.75,72.66,3.15,103.64
234,buritis,48,BR,1554508505,87,-15.62,72.03,7.07,-46.42
235,halifax,20,CA,1554508208,29,44.65,35.6,9.17,-63.58
236,point pedro,8,LK,1554508307,100,9.82,80.4,5.73,80.23
237,sikonge,68,TZ,1554508505,99,-5.63,62.22,3.71,32.75
238,morristown,90,US,1554508222,72,36.21,64.4,2.37,-83.29
239,xingcheng,32,CN,1554508510,25,40.62,52.5,4.27,120.71
240,muborak,0,UZ,1554508511,96,39.25,50.61,2.82,65.15
241,avarua,0,CK,1554505200,69,-21.21,80.6,10.29,-159.78
242,coronel oviedo,92,PY,1554508514,81,-25.45,64.83,7.96,-56.44
243,bemidji,90,US,1554508237,81,47.48,44.6,4.16,-94.89
244,poiana stampei,20,RO,1554508395,78,47.31,28.99,1.01,25.13
245,marystown,0,CA,1554507951,100,47.17,28.99,26.53,-55.16
246,hailar,20,CN,1554508006,49,49.2,24.96,5.5,119.7
247,serenje,36,ZM,1554508517,88,-13.23,60.06,2.59,30.22
248,mbanza-ngungu,64,CD,1554508517,94,-5.25,71.58,2.71,14.87
249,tasiilaq,92,GL,1554504600,68,65.61,28.4,24.16,-37.64
250,salym,12,RU,1554508518,86,60.06,30.72,7.63,71.48
251,ribeira grande,20,PT,1554508519,95,38.52,61.41,18.81,-28.7
252,muzaffarabad,36,PK,1554508522,85,34.37,50.43,2.93,73.47
253,vanimo,44,PG,1554508333,100,-2.67,80.49,8.41,141.3
254,egvekinot,36,RU,1554508387,88,66.32,25.68,3.38,-179.17
255,yatou,40,CM,1554505200,94,3.63,78.8,1.12,9.81
256,worland,40,US,1554508252,25,44.02,69.8,14.99,-107.96
257,luena,20,AO,1554508561,92,-11.78,64.65,2.26,19.91
258,porto novo,48,BR,1554508561,91,-23.68,71.94,1.7,-45.44
259,hurricane,75,US,1554508215,36,37.18,71.6,13.87,-113.29
260,ilulissat,0,GL,1554504600,47,69.22,33.8,31.09,-51.1
261,hualmay,32,PE,1554508013,91,-11.1,67.98,5.39,-77.61
262,virginia beach,90,US,1554508256,82,36.85,59.0,5.82,-75.98
263,traralgon,0,AU,1554507904,80,-38.19,62.01,5.99,146.54
264,mobaye,0,CF,1554508566,46,4.33,78.6,6.62,21.18
265,karratha,0,AU,1554508567,31,-20.74,77.79,8.75,116.85
266,samarinda,76,ID,1554508567,97,-0.5,76.35,2.71,117.14
267,biak,0,ID,1554508567,90,-0.91,82.38,2.59,122.88
268,el carmen,40,AR,1554505200,93,-24.39,59.0,4.7,-65.26
269,rock sound,80,BS,1554508571,98,24.9,77.25,15.01,-76.2
270,emerald,0,AU,1554508088,64,-23.53,75.99,8.05,148.16
271,nome,90,US,1554508534,78,30.04,77.0,5.82,-94.42
272,antofagasta,0,CL,1554505200,82,-23.65,64.4,6.93,-70.4
273,svetlaya,56,RU,1554508574,84,46.54,35.31,4.27,138.33
274,thinadhoo,0,MV,1554508070,100,0.53,83.1,2.71,72.93
275,hailey,75,US,1554508020,61,43.52,46.4,6.93,-114.32
276,yagodnoye,64,RU,1554508575,83,62.52,22.89,2.93,149.63
277,westport,68,IE,1554508324,88,53.8,46.0,1.01,-9.52
278,safranbolu,8,TR,1554508575,85,41.25,38.28,2.37,32.69
279,san quintin,0,PH,1554508313,84,17.54,76.98,3.6,120.52
280,natitingou,12,BJ,1554508581,74,10.31,76.71,3.49,1.38
281,san cristobal,75,EC,1554507992,77,-0.39,60.8,6.93,-78.55
282,baoding,12,CN,1554508584,23,38.86,53.22,13.67,115.49
283,ihosy,32,MG,1554508584,92,-22.4,61.05,2.71,46.13
284,goderich,0,CA,1554508418,93,43.74,39.0,2.37,-81.71
285,astakos,90,GR,1554508398,87,38.54,57.2,12.75,21.08
286,sadiqabad,0,PK,1554508590,37,28.31,74.01,5.5,70.13
287,mumbwa,0,ZM,1554508593,73,-14.99,70.05,9.42,27.06
288,ippy,0,CF,1554508593,37,6.26,79.59,10.2,21.2
289,hobyo,92,SO,1554508595,87,5.35,79.68,9.19,48.53
290,barcelos,20,PT,1554508025,71,41.53,51.8,8.05,-8.62
291,pitkyaranta,0,RU,1554508597,68,61.57,19.38,2.71,31.48
292,luau,92,CD,1554508597,99,-10.7,65.82,2.37,22.23
293,salalah,20,OM,1554504600,74,17.01,80.6,4.7,54.1
294,fortuna,0,ES,1554508560,66,38.18,52.0,8.05,-1.13
295,san lorenzo,90,PY,1554505200,77,-25.34,66.2,14.99,-57.51
296,esperance,20,TT,1554508017,74,10.24,80.6,8.05,-61.45
297,bereda,40,ES,1554508436,87,43.27,46.99,11.41,-7.54
298,onega,68,RU,1554508426,83,63.91,28.65,5.95,38.09
299,skibbereen,90,IE,1554507000,93,51.55,42.8,10.29,-9.27
300,valparaiso,90,US,1554508476,76,41.47,57.0,3.49,-87.06
301,banjar,12,ID,1554508607,94,-7.37,72.39,3.94,108.54
302,oksfjord,0,NO,1554506400,58,70.24,28.4,11.41,22.35
303,helmond,75,NL,1554508591,87,51.48,48.0,4.7,5.66
304,laharpur,64,IN,1554508609,84,27.71,68.88,3.94,80.9
305,alekseyevsk,76,RU,1554508612,69,57.84,20.82,2.59,108.35
306,ammon,90,US,1554508251,66,43.47,51.8,12.75,-111.97
307,pangnirtung,80,CA,1554508616,76,66.15,17.4,4.61,-65.72
308,norsup,88,VU,1554508617,91,-16.07,83.1,5.39,167.38
309,esna,24,RO,1554508619,91,45.2,38.73,5.17,27.57
310,piravam,40,IN,1554505200,88,9.88,80.6,2.24,76.49
311,whakatane,24,NZ,1554508217,55,-37.96,66.99,4.0,176.99
312,rio tuba,0,PH,1554508623,91,8.51,81.57,2.15,117.43
313,luderitz,24,NA,1554508625,76,-26.65,59.97,17.02,15.16
314,aguimes,75,ES,1554508533,72,27.91,63.0,17.22,-15.45
315,muana,100,BR,1554508626,97,-1.53,79.23,8.19,-49.22
316,tavda,0,RU,1554508627,80,58.04,26.58,8.97,65.27
317,dudinka,68,RU,1554508628,92,69.41,22.35,18.59,86.18
318,shaunavon,68,CA,1554508631,37,49.65,55.65,7.85,-108.41
319,golden,90,CA,1554505200,37,51.3,55.4,9.17,-116.96
320,zhigansk,44,RU,1554508412,79,66.77,25.68,5.61,123.37
321,narsaq,75,GL,1554504600,44,60.91,37.4,33.33,-46.05
322,berdigestyakh,0,RU,1554508634,66,62.1,28.47,4.94,126.7
323,kudahuvadhoo,0,MV,1554508636,100,2.67,83.01,3.94,72.89
324,ambon,0,FR,1554508626,100,47.55,43.0,8.05,-2.56
325,watrous,24,CA,1554508638,77,51.67,41.43,10.87,-105.46
326,datong,76,CN,1554508639,34,40.09,44.13,4.38,113.3
327,puerto penasco,0,MX,1554508002,79,31.32,68.0,15.99,-113.53
328,guaymas,5,MX,1554508597,60,27.92,86.0,18.34,-110.9
329,te anau,0,NZ,1554508398,70,-45.41,47.37,3.6,167.72
330,kavaratti,8,IN,1554508640,100,10.57,83.73,4.61,72.64
331,yerbogachen,0,RU,1554508641,65,61.28,23.61,3.38,108.01
332,sorland,0,NO,1554508645,100,67.67,38.1,3.71,12.69
333,pundaguitan,0,PH,1554508646,97,6.37,81.93,4.72,126.17
334,bambous virieux,40,MU,1554508441,83,-20.34,78.8,13.87,57.76
335,smolensk,0,RU,1554508647,72,54.79,26.58,2.82,32.05
336,muhos,0,FI,1554507923,86,64.81,33.8,6.93,26.0
337,mogadishu,32,SO,1554508647,100,2.04,81.93,14.56,45.34
338,pecos,1,US,1554508356,14,31.42,84.0,5.82,-103.49
339,atambua,92,ID,1554508651,100,-9.11,77.61,12.88,124.89
340,elizabeth city,90,US,1554508564,93,36.3,62.6,10.09,-76.22
341,njeru,0,UG,1554508652,91,0.43,66.9,3.38,33.15
342,nanortalik,56,GL,1554508653,89,60.14,32.25,23.51,-45.24
343,midland,80,US,1554508296,32,32.0,82.4,16.11,-102.08
344,sinjar,88,SY,1554508656,98,35.59,52.23,4.16,37.0
345,yar-sale,76,RU,1554508656,88,66.83,22.98,31.79,70.83
346,nabire,20,ID,1554508657,78,-3.36,79.23,0.92,135.5
347,muros,75,ES,1554508614,93,42.77,48.0,10.29,-9.06
348,mangai,0,CD,1554508659,93,-4.07,75.54,2.15,19.59
349,havre-saint-pierre,40,CA,1554505200,68,50.23,28.4,24.16,-63.6
350,paamiut,92,GL,1554508660,88,61.99,34.14,27.09,-49.67
351,ketchikan,90,US,1554504960,81,55.34,53.6,13.87,-131.65
352,nova vicosa,0,BR,1554508661,85,-17.89,79.5,11.43,-39.37
353,naryan-mar,32,RU,1554508664,84,67.67,21.27,18.37,53.09
354,naze,32,NG,1554508664,90,5.43,76.98,6.51,7.07
355,ixtapa,90,MX,1554508539,74,20.71,78.8,9.17,-105.21
356,keningau,75,MY,1554507000,74,5.33,82.4,4.7,116.16
357,udon thani,88,TH,1554507000,88,17.4,73.4,5.28,102.79
358,santa marta,40,CO,1554505200,41,11.24,91.4,20.8,-74.21
359,chazuta,40,PE,1554505200,290,-6.57,62.6,6.93,-76.13
360,keti bandar,0,PK,1554508668,93,24.14,79.68,12.55,67.45
361,yuncheng,0,CN,1554508668,50,35.03,56.28,3.94,111.0
362,san joaquin,44,PH,1554508670,78,10.59,80.31,7.4,122.14
363,iralaya,75,HN,1554505200,70,15.0,84.2,9.17,-83.23
364,hamilton,90,CA,1554508290,100,43.26,39.2,3.36,-79.87
365,newport,80,GB,1554508386,70,51.59,46.99,11.41,-3.0
366,arman,88,RU,1554508673,69,59.7,35.31,9.75,150.17
367,beringovskiy,0,RU,1554508674,100,63.05,22.8,6.17,179.32
368,kargopol,0,RU,1554508674,77,61.51,17.85,2.93,38.95
369,devanhalli,20,IN,1554507000,60,13.23,69.8,1.12,77.7
370,teahupoo,40,PF,1554507745,62,-17.83,87.8,9.17,-149.27
371,neftcala,80,AZ,1554508676,92,39.37,48.45,5.84,49.25
372,taltal,0,CL,1554508677,87,-25.41,58.53,1.7,-70.49
373,alamosa,1,US,1554507300,22,37.47,57.2,13.87,-105.87
374,marabba,0,SD,1554508680,39,12.35,65.91,3.71,32.18
375,hammel,36,DE,1554508649,84,48.41,44.6,2.82,10.81
376,vryburg,0,ZA,1554508683,91,-26.96,53.58,7.96,24.73
377,ensenada,76,MX,1554508499,78,31.86,64.99,3.0,-116.62
378,lengshuijiang,80,CN,1554508686,86,27.66,54.12,2.48,111.45
379,tayshet,0,RU,1554508687,67,55.94,18.75,2.15,98.01
380,goma,12,CD,1554508687,96,-1.67,57.27,2.37,29.23
381,filadelfia,92,PY,1554508689,85,-22.35,63.21,16.69,-60.04
382,sao joao da barra,0,BR,1554505200,83,-21.64,80.6,11.41,-41.05
383,saint anthony,75,US,1554508551,62,43.97,51.8,16.11,-111.68
384,ngunguru,44,NZ,1554507485,72,-35.62,66.99,5.99,174.5
385,lazarev,92,RU,1554508692,92,52.23,27.93,14.67,141.51
386,teya,40,MX,1554508051,41,21.05,91.4,11.41,-89.07
387,fairbanks,20,US,1554508622,38,64.84,43.0,9.17,-147.72
388,kamaishi,75,JP,1554505200,86,39.28,41.0,5.82,141.86
389,elat,56,CM,1554508695,96,2.91,71.31,2.15,11.16
390,aykhal,76,RU,1554508696,81,65.95,20.37,3.94,111.51
391,angoche,20,MZ,1554508699,100,-16.23,80.76,4.16,39.91
392,rio grande city,90,US,1554508648,65,26.38,84.2,11.41,-98.82
393,almaznyy,0,RU,1554505200,64,48.03,33.8,2.24,40.04
394,beloha,0,MG,1554508702,77,-25.17,74.01,7.96,45.06
395,swinford,80,IE,1554508691,86,53.94,46.0,3.0,-8.95
396,jizan,0,SA,1554505200,79,16.89,84.2,8.05,42.56
397,paracuru,0,BR,1554508691,83,-3.41,80.6,3.36,-39.03
398,methoni,90,GR,1554508543,93,36.82,55.99,5.82,21.7
399,bourail,0,NC,1554508707,69,-21.57,79.5,9.19,165.5
400,gualaquiza,64,EC,1554508708,90,-3.4,67.17,1.59,-78.58
401,los llanos de aridane,40,ES,1554508594,55,28.66,64.4,10.29,-17.92
402,havoysund,0,NO,1554506400,58,71.0,24.8,11.41,24.66
403,ahuimanu,20,US,1554508615,51,21.44,84.2,14.99,-157.84
404,raudeberg,0,NO,1554507008,93,61.99,42.01,1.12,5.14
405,kimbe,20,PG,1554508717,100,-5.56,82.29,1.48,150.15
406,north bend,75,US,1554508532,62,43.41,62.01,16.11,-124.22
407,strezhevoy,0,RU,1554505200,79,60.73,32.0,6.71,77.6
408,jacmel,75,HT,1554508515,69,18.24,82.4,5.82,-72.54
409,vostok,68,RU,1554508722,73,46.45,31.26,2.93,135.83
410,vila velha,0,BR,1554508691,83,-3.71,80.6,3.36,-38.6
411,arteaga,75,MX,1554508527,44,25.45,79.0,20.8,-100.85
412,college,1,US,1554508421,32,64.86,43.0,10.29,-147.8
413,djenne,0,ML,1554508727,36,13.91,83.19,8.86,-4.55
414,cabo san lucas,40,MX,1554508021,36,22.89,82.0,11.41,-109.91
415,ambilobe,0,MG,1554508730,90,-13.19,70.95,4.94,49.05
416,laguna,5,MX,1554504120,15,27.52,82.4,13.87,-110.01
417,inuvik,5,CA,1554505200,44,68.36,19.4,3.36,-133.71
418,smolenka,0,PL,1554508562,50,54.15,43.0,12.66,22.76
419,arica,0,CL,1554505200,69,-18.48,73.4,3.36,-70.32
420,tulun,0,RU,1554508738,58,54.56,18.12,3.38,100.58
421,puerto escondido,40,MX,1554504000,74,15.86,84.2,10.29,-97.07
422,kota belud,75,MY,1554508216,74,6.35,82.99,4.7,116.43
423,belmonte,76,PT,1554508004,88,40.36,42.01,8.01,-7.35
424,ishigaki,20,JP,1554505200,78,24.34,71.6,3.36,124.16
425,selma,40,US,1554508729,55,36.57,70.0,4.7,-119.61
426,sorong,0,ID,1554508744,100,-0.86,82.47,3.15,131.25
427,charters towers,0,AU,1554508610,81,-20.07,75.45,9.98,146.27
428,okato,36,NZ,1554508512,52,-39.19,64.99,11.01,173.88
429,hanna,12,CA,1554508743,51,51.64,48.99,17.0,-111.93
430,cockburn town,76,TC,1554508709,99,21.46,78.24,18.7,-71.14
431,khandyga,44,RU,1554508747,73,62.65,27.12,3.27,135.58
432,oktyabrskiy,0,RU,1554507725,80,55.61,37.0,2.24,37.97
433,ozernovskiy,24,RU,1554508750,87,51.5,35.76,7.18,156.52
434,margate,40,AU,1554508715,48,-43.03,64.0,14.99,147.26
435,anloga,20,GH,1554505200,83,5.79,84.2,10.29,0.9
436,neiafu,20,TO,1554505200,74,-18.65,86.0,8.05,-173.98
437,taunggyi,0,MM,1554508759,78,20.78,57.0,2.15,97.03
438,kaberamaido,0,UG,1554508762,68,1.76,74.19,10.2,33.16
439,bacolod,68,PH,1554508762,88,10.68,78.06,4.94,122.95
440,mabaruma,0,GY,1554508765,81,8.2,77.88,7.07,-59.78
441,puerto del rosario,0,ES,1554507000,77,28.5,60.8,12.75,-13.86
442,capelinha,92,BR,1554508766,80,-17.69,73.83,2.37,-42.52
443,havelock,90,US,1554508627,82,34.88,64.4,8.05,-76.9
444,okha,76,RU,1554508545,96,53.59,29.37,12.44,142.95
445,komyshuvakha,0,UA,1554508773,76,48.64,29.28,4.16,37.46
446,martan-chu,0,RU,1554505200,87,43.06,42.8,1.92,45.56
447,manokwari,12,ID,1554508751,95,-0.87,82.74,6.73,134.08
448,maragogi,100,BR,1554508778,85,-9.01,79.95,6.29,-35.22
449,oussouye,0,SN,1554505200,73,12.49,77.0,9.17,-16.54
450,husavik,0,CA,1554508532,89,50.56,36.0,5.01,-96.99
451,yumen,0,CN,1554508782,35,40.29,43.68,7.85,97.04
452,xichang,76,CN,1554508782,99,27.88,44.13,1.36,102.25
453,urdoma,0,RU,1554508783,94,61.74,27.03,6.4,48.55
454,port moresby,40,PG,1554505200,83,-9.47,80.6,5.82,147.16
455,lake havasu city,1,US,1554508469,22,34.47,80.6,11.41,-114.34
456,chebenki,0,RU,1554505200,86,51.93,37.4,4.47,55.71
457,beckley,40,US,1554507979,82,37.78,59.0,4.72,-81.19
458,konosha,0,RU,1554508785,61,60.97,18.12,7.18,40.26
459,icod de los vinos,8,ES,1554508668,81,28.37,66.2,21.92,-16.71
460,novobirilyussy,0,RU,1554508787,68,56.95,15.42,4.27,90.69
461,katsuura,20,JP,1554507245,54,33.93,62.01,5.82,134.5
462,praia,0,BR,1554505200,65,-20.25,78.8,5.82,-43.81
463,ampanihy,0,MG,1554508791,76,-24.69,69.87,5.5,44.75
464,zabaykalsk,36,CN,1554508793,58,49.64,27.66,14.12,117.33
465,iskenderun,40,TR,1554504600,93,36.58,54.0,3.36,36.17
466,vavatenina,80,MG,1554508795,99,-17.47,72.39,1.92,49.2
467,koumac,68,NC,1554508796,83,-20.56,77.52,7.4,164.28
468,ostrovnoy,0,RU,1554508798,84,68.05,20.64,15.79,39.51
469,amapa,40,HN,1554505200,66,15.09,86.0,13.87,-87.97
470,fomboni,44,KM,1554508810,100,-12.28,84.63,4.27,43.74
471,itarema,92,BR,1554508811,100,-2.92,74.01,3.71,-39.92
472,sao felix do xingu,76,BR,1554508813,94,-6.64,75.18,1.14,-51.99
473,alghero,0,IT,1554508805,93,40.56,45.0,1.12,8.32
474,warrnambool,80,AU,1554508629,80,-38.38,60.01,11.99,142.48
475,dubbo,0,AU,1554507000,47,-32.25,75.2,13.87,148.6
476,burnie,8,AU,1554508784,65,-41.05,63.0,8.99,145.91
477,mwingi,68,KE,1554508825,96,-0.93,63.93,3.83,38.07
478,babanka,20,UA,1554508826,76,48.71,30.27,2.93,30.45
479,henties bay,8,NA,1554508827,99,-22.12,59.43,3.38,14.28
480,presidencia roque saenz pena,92,AR,1554508827,64,-26.79,63.75,8.63,-60.44
481,gorontalo,0,ID,1554508828,84,0.54,78.87,2.37,123.06
482,revyakino,68,RU,1554508832,93,54.37,34.77,5.61,37.66
483,santa fe,12,AR,1554508820,83,-31.62,68.0,7.63,-60.7
484,beihai,0,CN,1554508784,49,38.95,54.0,13.42,121.19
485,caohai,92,CN,1554508837,100,26.87,46.11,1.48,104.28
486,rajbiraj,8,NP,1554508837,76,26.54,70.05,5.73,86.75
487,chillan,0,CL,1554505200,48,-36.61,66.2,2.24,-72.1
488,sechura,0,PE,1554508719,75,-5.56,75.27,10.54,-80.82
489,siva,90,GR,1554508762,87,35.21,59.0,9.17,25.04
490,maralal,8,KE,1554508842,83,1.1,58.44,4.16,36.7
491,forestville,90,CA,1554505200,92,48.74,32.0,9.17,-69.09
492,fenoarivo,75,MG,1554507000,88,-18.93,68.0,10.29,47.44
493,manggar,80,ID,1554508845,100,-2.88,79.77,5.17,108.27
494,lajas,56,CU,1554505140,74,22.41,80.6,3.36,-80.29
495,suntar,0,RU,1554508849,80,62.16,28.11,3.94,117.65
496,pascagoula,75,US,1554508842,83,30.37,71.6,8.05,-88.56
497,kaseda,0,JP,1554507749,93,31.42,53.6,8.05,130.32
498,kaspiysk,40,RU,1554505200,87,42.88,46.4,4.47,47.64
499,chara,90,GR,1554504600,81,39.42,53.6,6.93,22.43
500,bullhead city,20,US,1554508720,21,35.15,80.6,17.22,-114.57
501,cayenne,0,GF,1554507000,94,4.94,75.2,9.08,-52.33
502,kirakira,64,SB,1554508854,100,-10.46,83.28,6.73,161.92
503,kensington,40,CA,1554508826,31,46.44,35.6,5.82,-63.64
504,samana,75,EC,1554505800,88,0.12,86.0,12.75,-76.97
505,oneida,90,US,1554508859,76,41.07,55.4,3.04,-90.23
506,wanning,8,AT,1554508856,81,48.64,46.99,1.12,13.53
507,dunedin,0,NZ,1554508470,51,-45.87,53.01,8.99,170.5
508,maua,80,KE,1554508862,94,0.23,62.4,2.15,37.94
509,porto velho,40,BR,1554505200,94,-8.75,78.8,3.36,-63.87
510,beaverlodge,90,CA,1554505200,76,55.21,37.4,16.11,-119.43
511,umm lajj,0,SA,1554508864,100,25.02,60.87,2.15,37.27
512,ilek,76,RU,1554508864,98,51.53,35.31,3.15,53.38
513,douglas,90,US,1554508560,75,58.28,42.8,4.7,-134.39
514,slave lake,90,CA,1554505200,56,55.28,44.6,14.99,-114.77
515,olkhovka,80,RU,1554508867,94,53.21,33.15,2.26,60.61
516,loikaw,0,MM,1554508868,83,19.67,63.3,2.26,97.21
517,catuday,44,PH,1554508868,100,16.29,77.07,6.85,119.81
518,skaelskor,44,DK,1554508842,65,55.25,46.99,10.29,11.29
